"","Year","SIMD.2012.2016.Quintile","Gender","Age.group","Scottish.applicants","Accepted.Scottish.applicants"
"1",2006,"Quintile 1","Men","17 and under",50,30
"2",2006,"Quintile 1","Men","18",570,420
"3",2006,"Quintile 1","Men","19",165,130
"4",2006,"Quintile 1","Men","20",140,105
"5",2006,"Quintile 1","Men","21-24",340,240
"6",2006,"Quintile 1","Men","25-29",180,130
"7",2006,"Quintile 1","Men","30-34",90,60
"8",2006,"Quintile 1","Men","35 and over",120,85
"9",2006,"Quintile 1","Women","17 and under",70,35
"11",2006,"Quintile 1","Women","18",905,605
"13",2006,"Quintile 1","Women","19",220,150
"15",2006,"Quintile 1","Women","20",200,140
"17",2006,"Quintile 1","Women","21-24",425,295
"19",2006,"Quintile 1","Women","25-29",255,175
"21",2006,"Quintile 1","Women","30-34",135,100
"23",2006,"Quintile 1","Women","35 and over",195,135
"25",2006,"Quintile 2","Men","17 and under",55,30
"27",2006,"Quintile 2","Men","18",905,695
"29",2006,"Quintile 2","Men","19",215,170
"31",2006,"Quintile 2","Men","20",195,160
"33",2006,"Quintile 2","Men","21-24",370,280
"35",2006,"Quintile 2","Men","25-29",180,125
"37",2006,"Quintile 2","Men","30-34",85,60
"39",2006,"Quintile 2","Men","35 and over",120,85
"41",2006,"Quintile 2","Women","17 and under",100,45
"43",2006,"Quintile 2","Women","18",1350,960
"45",2006,"Quintile 2","Women","19",340,230
"47",2006,"Quintile 2","Women","20",265,190
"49",2006,"Quintile 2","Women","21-24",480,350
"51",2006,"Quintile 2","Women","25-29",225,145
"53",2006,"Quintile 2","Women","30-34",130,95
"55",2006,"Quintile 2","Women","35 and over",195,135
"57",2006,"Quintile 3","Men","17 and under",105,70
"59",2006,"Quintile 3","Men","18",1420,1145
"61",2006,"Quintile 3","Men","19",345,265
"63",2006,"Quintile 3","Men","20",230,185
"65",2006,"Quintile 3","Men","21-24",385,300
"67",2006,"Quintile 3","Men","25-29",205,155
"69",2006,"Quintile 3","Men","30-34",75,50
"71",2006,"Quintile 3","Men","35 and over",115,75
"73",2006,"Quintile 3","Women","17 and under",155,105
"75",2006,"Quintile 3","Women","18",1825,1375
"77",2006,"Quintile 3","Women","19",445,325
"79",2006,"Quintile 3","Women","20",300,215
"81",2006,"Quintile 3","Women","21-24",495,320
"83",2006,"Quintile 3","Women","25-29",240,160
"85",2006,"Quintile 3","Women","30-34",115,70
"87",2006,"Quintile 3","Women","35 and over",210,155
"89",2006,"Quintile 4","Men","17 and under",130,80
"91",2006,"Quintile 4","Men","18",1945,1615
"93",2006,"Quintile 4","Men","19",475,385
"95",2006,"Quintile 4","Men","20",280,225
"97",2006,"Quintile 4","Men","21-24",415,315
"99",2006,"Quintile 4","Men","25-29",165,105
"101",2006,"Quintile 4","Men","30-34",75,50
"103",2006,"Quintile 4","Men","35 and over",95,55
"105",2006,"Quintile 4","Women","17 and under",175,105
"107",2006,"Quintile 4","Women","18",2425,1900
"109",2006,"Quintile 4","Women","19",575,445
"111",2006,"Quintile 4","Women","20",330,235
"113",2006,"Quintile 4","Women","21-24",485,315
"115",2006,"Quintile 4","Women","25-29",190,125
"117",2006,"Quintile 4","Women","30-34",110,70
"119",2006,"Quintile 4","Women","35 and over",250,175
"121",2006,"Quintile 5","Men","17 and under",175,115
"123",2006,"Quintile 5","Men","18",2995,2550
"125",2006,"Quintile 5","Men","19",615,510
"127",2006,"Quintile 5","Men","20",335,255
"129",2006,"Quintile 5","Men","21-24",610,470
"131",2006,"Quintile 5","Men","25-29",225,155
"133",2006,"Quintile 5","Men","30-34",80,60
"135",2006,"Quintile 5","Men","35 and over",145,110
"137",2006,"Quintile 5","Women","17 and under",265,175
"139",2006,"Quintile 5","Women","18",3375,2765
"141",2006,"Quintile 5","Women","19",695,545
"143",2006,"Quintile 5","Women","20",335,250
"145",2006,"Quintile 5","Women","21-24",600,400
"147",2006,"Quintile 5","Women","25-29",215,145
"149",2006,"Quintile 5","Women","30-34",100,65
"151",2006,"Quintile 5","Women","35 and over",275,195
"153",2006,"Unknown","Men","18",50,45
"155",2006,"Unknown","Men","19",20,20
"157",2006,"Unknown","Men","20",15,15
"159",2006,"Unknown","Men","21-24",45,40
"161",2006,"Unknown","Men","25-29",15,10
"163",2006,"Unknown","Men","30-34",5,5
"165",2006,"Unknown","Men","35 and over",5,5
"167",2006,"Unknown","Women","17 and under",15,15
"169",2006,"Unknown","Women","18",60,50
"171",2006,"Unknown","Women","19",15,15
"173",2006,"Unknown","Women","20",15,15
"175",2006,"Unknown","Women","21-24",30,25
"177",2006,"Unknown","Women","25-29",10,5
"179",2006,"Unknown","Women","30-34",10,5
"181",2006,"Unknown","Women","35 and over",15,10
"183",2007,"Quintile 1","Men","17 and under",50,35
"185",2007,"Quintile 1","Men","18",625,450
"187",2007,"Quintile 1","Men","19",170,135
"189",2007,"Quintile 1","Men","20",170,135
"191",2007,"Quintile 1","Men","21-24",360,265
"193",2007,"Quintile 1","Men","25-29",185,125
"195",2007,"Quintile 1","Men","30-34",95,65
"197",2007,"Quintile 1","Men","35 and over",145,100
"199",2007,"Quintile 1","Women","17 and under",75,40
"201",2007,"Quintile 1","Women","18",860,590
"203",2007,"Quintile 1","Women","19",250,155
"205",2007,"Quintile 1","Women","20",255,180
"207",2007,"Quintile 1","Women","21-24",455,315
"209",2007,"Quintile 1","Women","25-29",275,170
"211",2007,"Quintile 1","Women","30-34",130,90
"213",2007,"Quintile 1","Women","35 and over",205,140
"215",2007,"Quintile 2","Men","17 and under",65,45
"217",2007,"Quintile 2","Men","18",825,645
"219",2007,"Quintile 2","Men","19",255,200
"221",2007,"Quintile 2","Men","20",195,155
"223",2007,"Quintile 2","Men","21-24",410,315
"225",2007,"Quintile 2","Men","25-29",185,135
"227",2007,"Quintile 2","Men","30-34",90,70
"229",2007,"Quintile 2","Men","35 and over",145,95
"231",2007,"Quintile 2","Women","17 and under",90,55
"233",2007,"Quintile 2","Women","18",1245,950
"235",2007,"Quintile 2","Women","19",340,230
"237",2007,"Quintile 2","Women","20",275,205
"239",2007,"Quintile 2","Women","21-24",470,335
"241",2007,"Quintile 2","Women","25-29",245,170
"243",2007,"Quintile 2","Women","30-34",110,75
"245",2007,"Quintile 2","Women","35 and over",225,160
"247",2007,"Quintile 3","Men","17 and under",95,60
"249",2007,"Quintile 3","Men","18",1370,1120
"251",2007,"Quintile 3","Men","19",335,270
"253",2007,"Quintile 3","Men","20",220,165
"255",2007,"Quintile 3","Men","21-24",435,325
"257",2007,"Quintile 3","Men","25-29",205,150
"259",2007,"Quintile 3","Men","30-34",85,60
"261",2007,"Quintile 3","Men","35 and over",125,100
"263",2007,"Quintile 3","Women","17 and under",140,100
"265",2007,"Quintile 3","Women","18",1780,1350
"267",2007,"Quintile 3","Women","19",440,335
"269",2007,"Quintile 3","Women","20",295,215
"271",2007,"Quintile 3","Women","21-24",540,395
"273",2007,"Quintile 3","Women","25-29",250,170
"275",2007,"Quintile 3","Women","30-34",120,80
"277",2007,"Quintile 3","Women","35 and over",185,130
"279",2007,"Quintile 4","Men","17 and under",135,90
"281",2007,"Quintile 4","Men","18",1830,1525
"283",2007,"Quintile 4","Men","19",495,410
"285",2007,"Quintile 4","Men","20",275,220
"287",2007,"Quintile 4","Men","21-24",480,365
"289",2007,"Quintile 4","Men","25-29",190,140
"291",2007,"Quintile 4","Men","30-34",65,50
"293",2007,"Quintile 4","Men","35 and over",105,80
"295",2007,"Quintile 4","Women","17 and under",190,115
"297",2007,"Quintile 4","Women","18",2415,1955
"299",2007,"Quintile 4","Women","19",600,475
"301",2007,"Quintile 4","Women","20",335,240
"303",2007,"Quintile 4","Women","21-24",530,380
"305",2007,"Quintile 4","Women","25-29",200,135
"307",2007,"Quintile 4","Women","30-34",80,55
"309",2007,"Quintile 4","Women","35 and over",230,160
"311",2007,"Quintile 5","Men","17 and under",190,110
"313",2007,"Quintile 5","Men","18",2765,2370
"315",2007,"Quintile 5","Men","19",710,570
"317",2007,"Quintile 5","Men","20",375,285
"319",2007,"Quintile 5","Men","21-24",625,470
"321",2007,"Quintile 5","Men","25-29",205,155
"323",2007,"Quintile 5","Men","30-34",65,50
"325",2007,"Quintile 5","Men","35 and over",115,90
"327",2007,"Quintile 5","Women","17 and under",260,180
"329",2007,"Quintile 5","Women","18",3240,2680
"331",2007,"Quintile 5","Women","19",750,585
"333",2007,"Quintile 5","Women","20",380,290
"335",2007,"Quintile 5","Women","21-24",615,435
"337",2007,"Quintile 5","Women","25-29",235,160
"339",2007,"Quintile 5","Women","30-34",90,60
"341",2007,"Quintile 5","Women","35 and over",245,165
"343",2007,"Unknown","Men","17 and under",5,5
"345",2007,"Unknown","Men","18",40,30
"347",2007,"Unknown","Men","19",20,15
"349",2007,"Unknown","Men","20",15,15
"351",2007,"Unknown","Men","21-24",40,35
"353",2007,"Unknown","Men","25-29",25,20
"355",2007,"Unknown","Men","30-34",10,10
"357",2007,"Unknown","Men","35 and over",10,5
"359",2007,"Unknown","Women","17 and under",15,15
"361",2007,"Unknown","Women","18",50,40
"363",2007,"Unknown","Women","19",35,30
"365",2007,"Unknown","Women","20",25,20
"367",2007,"Unknown","Women","21-24",55,40
"369",2007,"Unknown","Women","25-29",20,15
"371",2007,"Unknown","Women","30-34",15,10
"373",2007,"Unknown","Women","35 and over",20,15
"375",2008,"Quintile 1","Men","17 and under",45,25
"377",2008,"Quintile 1","Men","18",555,415
"379",2008,"Quintile 1","Men","19",175,130
"381",2008,"Quintile 1","Men","20",165,125
"383",2008,"Quintile 1","Men","21-24",390,295
"385",2008,"Quintile 1","Men","25-29",210,140
"387",2008,"Quintile 1","Men","30-34",105,75
"389",2008,"Quintile 1","Men","35 and over",155,95
"391",2008,"Quintile 1","Women","17 and under",70,45
"393",2008,"Quintile 1","Women","18",825,555
"395",2008,"Quintile 1","Women","19",265,180
"397",2008,"Quintile 1","Women","20",235,160
"399",2008,"Quintile 1","Women","21-24",540,370
"401",2008,"Quintile 1","Women","25-29",300,205
"403",2008,"Quintile 1","Women","30-34",145,100
"405",2008,"Quintile 1","Women","35 and over",205,145
"407",2008,"Quintile 2","Men","17 and under",70,45
"409",2008,"Quintile 2","Men","18",900,715
"411",2008,"Quintile 2","Men","19",230,165
"413",2008,"Quintile 2","Men","20",215,165
"415",2008,"Quintile 2","Men","21-24",430,315
"417",2008,"Quintile 2","Men","25-29",265,200
"419",2008,"Quintile 2","Men","30-34",95,60
"421",2008,"Quintile 2","Men","35 and over",145,110
"423",2008,"Quintile 2","Women","17 and under",100,65
"425",2008,"Quintile 2","Women","18",1300,940
"427",2008,"Quintile 2","Women","19",345,245
"429",2008,"Quintile 2","Women","20",295,220
"431",2008,"Quintile 2","Women","21-24",540,400
"433",2008,"Quintile 2","Women","25-29",290,215
"435",2008,"Quintile 2","Women","30-34",110,80
"437",2008,"Quintile 2","Women","35 and over",235,175
"439",2008,"Quintile 3","Men","17 and under",115,85
"441",2008,"Quintile 3","Men","18",1360,1090
"443",2008,"Quintile 3","Men","19",390,310
"445",2008,"Quintile 3","Men","20",245,190
"447",2008,"Quintile 3","Men","21-24",490,385
"449",2008,"Quintile 3","Men","25-29",235,175
"451",2008,"Quintile 3","Men","30-34",90,70
"453",2008,"Quintile 3","Men","35 and over",125,90
"455",2008,"Quintile 3","Women","17 and under",175,115
"457",2008,"Quintile 3","Women","18",1880,1465
"459",2008,"Quintile 3","Women","19",465,360
"461",2008,"Quintile 3","Women","20",320,235
"463",2008,"Quintile 3","Women","21-24",605,430
"465",2008,"Quintile 3","Women","25-29",270,185
"467",2008,"Quintile 3","Women","30-34",110,70
"469",2008,"Quintile 3","Women","35 and over",230,175
"471",2008,"Quintile 4","Men","17 and under",145,105
"473",2008,"Quintile 4","Men","18",2065,1705
"475",2008,"Quintile 4","Men","19",500,415
"477",2008,"Quintile 4","Men","20",285,240
"479",2008,"Quintile 4","Men","21-24",520,430
"481",2008,"Quintile 4","Men","25-29",235,160
"483",2008,"Quintile 4","Men","30-34",85,60
"485",2008,"Quintile 4","Men","35 and over",95,65
"487",2008,"Quintile 4","Women","17 and under",195,135
"489",2008,"Quintile 4","Women","18",2525,2000
"491",2008,"Quintile 4","Women","19",615,485
"493",2008,"Quintile 4","Women","20",365,275
"495",2008,"Quintile 4","Women","21-24",550,390
"497",2008,"Quintile 4","Women","25-29",220,150
"499",2008,"Quintile 4","Women","30-34",110,85
"501",2008,"Quintile 4","Women","35 and over",290,230
"503",2008,"Quintile 5","Men","17 and under",175,130
"505",2008,"Quintile 5","Men","18",2905,2515
"507",2008,"Quintile 5","Men","19",645,545
"509",2008,"Quintile 5","Men","20",380,305
"511",2008,"Quintile 5","Men","21-24",700,565
"513",2008,"Quintile 5","Men","25-29",240,185
"515",2008,"Quintile 5","Men","30-34",80,60
"517",2008,"Quintile 5","Men","35 and over",90,70
"519",2008,"Quintile 5","Women","17 and under",210,145
"521",2008,"Quintile 5","Women","18",3400,2825
"523",2008,"Quintile 5","Women","19",755,600
"525",2008,"Quintile 5","Women","20",420,325
"527",2008,"Quintile 5","Women","21-24",620,460
"529",2008,"Quintile 5","Women","25-29",250,180
"531",2008,"Quintile 5","Women","30-34",100,70
"533",2008,"Quintile 5","Women","35 and over",250,180
"535",2008,"Unknown","Men","17 and under",15,10
"537",2008,"Unknown","Men","18",185,140
"539",2008,"Unknown","Men","19",40,35
"541",2008,"Unknown","Men","20",35,30
"543",2008,"Unknown","Men","21-24",85,65
"545",2008,"Unknown","Men","25-29",35,25
"547",2008,"Unknown","Men","30-34",25,15
"549",2008,"Unknown","Men","35 and over",25,20
"551",2008,"Unknown","Women","17 and under",15,10
"553",2008,"Unknown","Women","18",205,160
"555",2008,"Unknown","Women","19",60,45
"557",2008,"Unknown","Women","20",35,30
"559",2008,"Unknown","Women","21-24",95,70
"561",2008,"Unknown","Women","25-29",60,40
"563",2008,"Unknown","Women","30-34",20,10
"565",2008,"Unknown","Women","35 and over",20,15
"567",2009,"Quintile 1","Men","17 and under",40,30
"569",2009,"Quintile 1","Men","18",595,450
"571",2009,"Quintile 1","Men","19",175,125
"573",2009,"Quintile 1","Men","20",175,140
"575",2009,"Quintile 1","Men","21-24",455,335
"577",2009,"Quintile 1","Men","25-29",240,175
"579",2009,"Quintile 1","Men","30-34",160,110
"581",2009,"Quintile 1","Men","35 and over",175,115
"583",2009,"Quintile 1","Women","17 and under",55,35
"585",2009,"Quintile 1","Women","18",870,620
"587",2009,"Quintile 1","Women","19",275,200
"589",2009,"Quintile 1","Women","20",275,190
"591",2009,"Quintile 1","Women","21-24",545,360
"593",2009,"Quintile 1","Women","25-29",325,215
"595",2009,"Quintile 1","Women","30-34",180,115
"597",2009,"Quintile 1","Women","35 and over",220,140
"599",2009,"Quintile 2","Men","17 and under",55,35
"601",2009,"Quintile 2","Men","18",940,760
"603",2009,"Quintile 2","Men","19",270,220
"605",2009,"Quintile 2","Men","20",195,160
"607",2009,"Quintile 2","Men","21-24",480,355
"609",2009,"Quintile 2","Men","25-29",290,225
"611",2009,"Quintile 2","Men","30-34",115,80
"613",2009,"Quintile 2","Men","35 and over",125,85
"615",2009,"Quintile 2","Women","17 and under",85,45
"617",2009,"Quintile 2","Women","18",1355,1010
"619",2009,"Quintile 2","Women","19",350,250
"621",2009,"Quintile 2","Women","20",235,190
"623",2009,"Quintile 2","Women","21-24",565,370
"625",2009,"Quintile 2","Women","25-29",300,215
"627",2009,"Quintile 2","Women","30-34",140,95
"629",2009,"Quintile 2","Women","35 and over",220,155
"631",2009,"Quintile 3","Men","17 and under",95,60
"633",2009,"Quintile 3","Men","18",1480,1185
"635",2009,"Quintile 3","Men","19",370,290
"637",2009,"Quintile 3","Men","20",280,215
"639",2009,"Quintile 3","Men","21-24",485,355
"641",2009,"Quintile 3","Men","25-29",265,180
"643",2009,"Quintile 3","Men","30-34",105,70
"645",2009,"Quintile 3","Men","35 and over",100,65
"647",2009,"Quintile 3","Women","17 and under",155,90
"649",2009,"Quintile 3","Women","18",1865,1430
"651",2009,"Quintile 3","Women","19",480,360
"653",2009,"Quintile 3","Women","20",315,230
"655",2009,"Quintile 3","Women","21-24",555,400
"657",2009,"Quintile 3","Women","25-29",285,180
"659",2009,"Quintile 3","Women","30-34",150,95
"661",2009,"Quintile 3","Women","35 and over",220,150
"663",2009,"Quintile 4","Men","17 and under",130,80
"665",2009,"Quintile 4","Men","18",2040,1705
"667",2009,"Quintile 4","Men","19",600,495
"669",2009,"Quintile 4","Men","20",295,225
"671",2009,"Quintile 4","Men","21-24",525,390
"673",2009,"Quintile 4","Men","25-29",225,150
"675",2009,"Quintile 4","Men","30-34",70,55
"677",2009,"Quintile 4","Men","35 and over",110,80
"679",2009,"Quintile 4","Women","17 and under",160,95
"681",2009,"Quintile 4","Women","18",2540,2060
"683",2009,"Quintile 4","Women","19",650,490
"685",2009,"Quintile 4","Women","20",440,320
"687",2009,"Quintile 4","Women","21-24",530,355
"689",2009,"Quintile 4","Women","25-29",210,135
"691",2009,"Quintile 4","Women","30-34",110,70
"693",2009,"Quintile 4","Women","35 and over",225,155
"695",2009,"Quintile 5","Men","17 and under",150,95
"697",2009,"Quintile 5","Men","18",3025,2585
"699",2009,"Quintile 5","Men","19",740,600
"701",2009,"Quintile 5","Men","20",380,300
"703",2009,"Quintile 5","Men","21-24",715,550
"705",2009,"Quintile 5","Men","25-29",275,195
"707",2009,"Quintile 5","Men","30-34",75,60
"709",2009,"Quintile 5","Men","35 and over",115,80
"711",2009,"Quintile 5","Women","17 and under",220,145
"713",2009,"Quintile 5","Women","18",3390,2875
"715",2009,"Quintile 5","Women","19",810,625
"717",2009,"Quintile 5","Women","20",385,300
"719",2009,"Quintile 5","Women","21-24",620,445
"721",2009,"Quintile 5","Women","25-29",220,150
"723",2009,"Quintile 5","Women","30-34",85,55
"725",2009,"Quintile 5","Women","35 and over",225,165
"727",2009,"Unknown","Men","17 and under",85,85
"729",2009,"Unknown","Men","18",225,215
"731",2009,"Unknown","Men","19",155,150
"733",2009,"Unknown","Men","20",85,80
"735",2009,"Unknown","Men","21-24",155,145
"737",2009,"Unknown","Men","25-29",115,110
"739",2009,"Unknown","Men","30-34",55,55
"741",2009,"Unknown","Men","35 and over",110,105
"743",2009,"Unknown","Women","17 and under",65,65
"745",2009,"Unknown","Women","18",180,165
"747",2009,"Unknown","Women","19",140,135
"749",2009,"Unknown","Women","20",85,80
"751",2009,"Unknown","Women","21-24",190,175
"753",2009,"Unknown","Women","25-29",145,140
"755",2009,"Unknown","Women","30-34",80,75
"757",2009,"Unknown","Women","35 and over",210,205
"759",2010,"Quintile 1","Men","17 and under",40,20
"761",2010,"Quintile 1","Men","18",645,435
"763",2010,"Quintile 1","Men","19",210,130
"765",2010,"Quintile 1","Men","20",230,145
"767",2010,"Quintile 1","Men","21-24",500,340
"769",2010,"Quintile 1","Men","25-29",310,205
"771",2010,"Quintile 1","Men","30-34",190,120
"773",2010,"Quintile 1","Men","35 and over",260,165
"775",2010,"Quintile 1","Women","17 and under",60,30
"777",2010,"Quintile 1","Women","18",1085,715
"779",2010,"Quintile 1","Women","19",390,250
"781",2010,"Quintile 1","Women","20",320,215
"783",2010,"Quintile 1","Women","21-24",850,495
"785",2010,"Quintile 1","Women","25-29",565,320
"787",2010,"Quintile 1","Women","30-34",320,180
"789",2010,"Quintile 1","Women","35 and over",435,250
"791",2010,"Quintile 2","Men","17 and under",55,30
"793",2010,"Quintile 2","Men","18",1130,825
"795",2010,"Quintile 2","Men","19",330,220
"797",2010,"Quintile 2","Men","20",250,170
"799",2010,"Quintile 2","Men","21-24",510,325
"801",2010,"Quintile 2","Men","25-29",335,215
"803",2010,"Quintile 2","Men","30-34",145,95
"805",2010,"Quintile 2","Men","35 and over",195,130
"807",2010,"Quintile 2","Women","17 and under",95,40
"809",2010,"Quintile 2","Women","18",1650,1130
"811",2010,"Quintile 2","Women","19",555,340
"813",2010,"Quintile 2","Women","20",360,220
"815",2010,"Quintile 2","Women","21-24",815,475
"817",2010,"Quintile 2","Women","25-29",480,265
"819",2010,"Quintile 2","Women","30-34",280,155
"821",2010,"Quintile 2","Women","35 and over",430,285
"823",2010,"Quintile 3","Men","17 and under",90,50
"825",2010,"Quintile 3","Men","18",1610,1230
"827",2010,"Quintile 3","Men","19",475,345
"829",2010,"Quintile 3","Men","20",275,200
"831",2010,"Quintile 3","Men","21-24",575,410
"833",2010,"Quintile 3","Men","25-29",345,215
"835",2010,"Quintile 3","Men","30-34",130,85
"837",2010,"Quintile 3","Men","35 and over",195,130
"839",2010,"Quintile 3","Women","17 and under",175,105
"841",2010,"Quintile 3","Women","18",2255,1685
"843",2010,"Quintile 3","Women","19",700,470
"845",2010,"Quintile 3","Women","20",400,275
"847",2010,"Quintile 3","Women","21-24",825,520
"849",2010,"Quintile 3","Women","25-29",430,245
"851",2010,"Quintile 3","Women","30-34",245,155
"853",2010,"Quintile 3","Women","35 and over",420,285
"855",2010,"Quintile 4","Men","17 and under",110,65
"857",2010,"Quintile 4","Men","18",2115,1650
"859",2010,"Quintile 4","Men","19",675,480
"861",2010,"Quintile 4","Men","20",360,260
"863",2010,"Quintile 4","Men","21-24",545,350
"865",2010,"Quintile 4","Men","25-29",240,155
"867",2010,"Quintile 4","Men","30-34",110,80
"869",2010,"Quintile 4","Men","35 and over",135,95
"871",2010,"Quintile 4","Women","17 and under",165,105
"873",2010,"Quintile 4","Women","18",2920,2275
"875",2010,"Quintile 4","Women","19",820,585
"877",2010,"Quintile 4","Women","20",450,300
"879",2010,"Quintile 4","Women","21-24",745,445
"881",2010,"Quintile 4","Women","25-29",385,220
"883",2010,"Quintile 4","Women","30-34",195,120
"885",2010,"Quintile 4","Women","35 and over",390,250
"887",2010,"Quintile 5","Men","17 and under",135,70
"889",2010,"Quintile 5","Men","18",3155,2565
"891",2010,"Quintile 5","Men","19",830,620
"893",2010,"Quintile 5","Men","20",410,280
"895",2010,"Quintile 5","Men","21-24",725,485
"897",2010,"Quintile 5","Men","25-29",305,205
"899",2010,"Quintile 5","Men","30-34",95,60
"901",2010,"Quintile 5","Men","35 and over",130,90
"903",2010,"Quintile 5","Women","17 and under",195,120
"905",2010,"Quintile 5","Women","18",3570,2815
"907",2010,"Quintile 5","Women","19",870,620
"909",2010,"Quintile 5","Women","20",505,350
"911",2010,"Quintile 5","Women","21-24",765,460
"913",2010,"Quintile 5","Women","25-29",295,175
"915",2010,"Quintile 5","Women","30-34",145,90
"917",2010,"Quintile 5","Women","35 and over",370,250
"919",2010,"Unknown","Men","17 and under",5,5
"921",2010,"Unknown","Men","18",30,20
"923",2010,"Unknown","Men","19",15,15
"925",2010,"Unknown","Men","20",10,10
"927",2010,"Unknown","Men","21-24",40,25
"929",2010,"Unknown","Men","25-29",20,10
"931",2010,"Unknown","Men","30-34",15,15
"933",2010,"Unknown","Men","35 and over",10,10
"935",2010,"Unknown","Women","17 and under",5,5
"937",2010,"Unknown","Women","18",35,25
"939",2010,"Unknown","Women","19",25,20
"941",2010,"Unknown","Women","20",15,10
"943",2010,"Unknown","Women","21-24",35,20
"945",2010,"Unknown","Women","25-29",35,25
"947",2010,"Unknown","Women","30-34",5,5
"949",2010,"Unknown","Women","35 and over",15,10
"951",2011,"Quintile 1","Men","17 and under",40,15
"953",2011,"Quintile 1","Men","18",675,435
"955",2011,"Quintile 1","Men","19",210,145
"957",2011,"Quintile 1","Men","20",200,125
"959",2011,"Quintile 1","Men","21-24",555,355
"961",2011,"Quintile 1","Men","25-29",320,200
"963",2011,"Quintile 1","Men","30-34",195,120
"965",2011,"Quintile 1","Men","35 and over",205,140
"967",2011,"Quintile 1","Women","17 and under",40,20
"969",2011,"Quintile 1","Women","18",1045,650
"971",2011,"Quintile 1","Women","19",400,235
"973",2011,"Quintile 1","Women","20",395,235
"975",2011,"Quintile 1","Women","21-24",860,495
"977",2011,"Quintile 1","Women","25-29",520,250
"979",2011,"Quintile 1","Women","30-34",320,185
"981",2011,"Quintile 1","Women","35 and over",390,215
"983",2011,"Quintile 2","Men","17 and under",55,35
"985",2011,"Quintile 2","Men","18",1035,725
"987",2011,"Quintile 2","Men","19",335,220
"989",2011,"Quintile 2","Men","20",250,160
"991",2011,"Quintile 2","Men","21-24",580,375
"993",2011,"Quintile 2","Men","25-29",285,180
"995",2011,"Quintile 2","Men","30-34",145,90
"997",2011,"Quintile 2","Men","35 and over",195,130
"999",2011,"Quintile 2","Women","17 and under",75,40
"1001",2011,"Quintile 2","Women","18",1515,1005
"1003",2011,"Quintile 2","Women","19",520,305
"1005",2011,"Quintile 2","Women","20",385,230
"1007",2011,"Quintile 2","Women","21-24",920,555
"1009",2011,"Quintile 2","Women","25-29",455,250
"1011",2011,"Quintile 2","Women","30-34",285,155
"1013",2011,"Quintile 2","Women","35 and over",355,220
"1015",2011,"Quintile 3","Men","17 and under",75,45
"1017",2011,"Quintile 3","Men","18",1480,1075
"1019",2011,"Quintile 3","Men","19",440,290
"1021",2011,"Quintile 3","Men","20",320,190
"1023",2011,"Quintile 3","Men","21-24",675,485
"1025",2011,"Quintile 3","Men","25-29",295,170
"1027",2011,"Quintile 3","Men","30-34",130,85
"1029",2011,"Quintile 3","Men","35 and over",165,95
"1031",2011,"Quintile 3","Women","17 and under",110,60
"1033",2011,"Quintile 3","Women","18",2160,1510
"1035",2011,"Quintile 3","Women","19",655,435
"1037",2011,"Quintile 3","Women","20",430,290
"1039",2011,"Quintile 3","Women","21-24",880,580
"1041",2011,"Quintile 3","Women","25-29",435,240
"1043",2011,"Quintile 3","Women","30-34",230,135
"1045",2011,"Quintile 3","Women","35 and over",380,230
"1047",2011,"Quintile 4","Men","17 and under",110,60
"1049",2011,"Quintile 4","Men","18",2160,1605
"1051",2011,"Quintile 4","Men","19",620,445
"1053",2011,"Quintile 4","Men","20",340,215
"1055",2011,"Quintile 4","Men","21-24",760,515
"1057",2011,"Quintile 4","Men","25-29",255,140
"1059",2011,"Quintile 4","Men","30-34",105,60
"1061",2011,"Quintile 4","Men","35 and over",105,65
"1063",2011,"Quintile 4","Women","17 and under",180,90
"1065",2011,"Quintile 4","Women","18",2715,2015
"1067",2011,"Quintile 4","Women","19",815,555
"1069",2011,"Quintile 4","Women","20",470,305
"1071",2011,"Quintile 4","Women","21-24",920,590
"1073",2011,"Quintile 4","Women","25-29",330,185
"1075",2011,"Quintile 4","Women","30-34",170,90
"1077",2011,"Quintile 4","Women","35 and over",355,205
"1079",2011,"Quintile 5","Men","17 and under",115,70
"1081",2011,"Quintile 5","Men","18",3070,2360
"1083",2011,"Quintile 5","Men","19",820,610
"1085",2011,"Quintile 5","Men","20",455,300
"1087",2011,"Quintile 5","Men","21-24",785,520
"1089",2011,"Quintile 5","Men","25-29",275,155
"1091",2011,"Quintile 5","Men","30-34",90,55
"1093",2011,"Quintile 5","Men","35 and over",110,65
"1095",2011,"Quintile 5","Women","17 and under",190,105
"1097",2011,"Quintile 5","Women","18",3645,2825
"1099",2011,"Quintile 5","Women","19",970,685
"1101",2011,"Quintile 5","Women","20",490,310
"1103",2011,"Quintile 5","Women","21-24",915,560
"1105",2011,"Quintile 5","Women","25-29",345,205
"1107",2011,"Quintile 5","Women","30-34",150,85
"1109",2011,"Quintile 5","Women","35 and over",285,180
"1111",2011,"Unknown","Men","18",25,20
"1113",2011,"Unknown","Men","19",15,15
"1115",2011,"Unknown","Men","20",10,10
"1117",2011,"Unknown","Men","21-24",25,15
"1119",2011,"Unknown","Men","25-29",5,5
"1121",2011,"Unknown","Men","30-34",5,5
"1123",2011,"Unknown","Men","35 and over",5,5
"1125",2011,"Unknown","Women","17 and under",5,0
"1127",2011,"Unknown","Women","18",30,25
"1129",2011,"Unknown","Women","19",20,20
"1131",2011,"Unknown","Women","20",15,10
"1133",2011,"Unknown","Women","21-24",45,30
"1135",2011,"Unknown","Women","25-29",10,5
"1137",2011,"Unknown","Women","30-34",15,10
"1139",2011,"Unknown","Women","35 and over",15,10
"1141",2012,"Quintile 1","Men","17 and under",25,15
"1143",2012,"Quintile 1","Men","18",655,445
"1145",2012,"Quintile 1","Men","19",230,160
"1147",2012,"Quintile 1","Men","20",255,180
"1149",2012,"Quintile 1","Men","21-24",510,325
"1151",2012,"Quintile 1","Men","25-29",325,195
"1153",2012,"Quintile 1","Men","30-34",215,135
"1155",2012,"Quintile 1","Men","35 and over",240,135
"1157",2012,"Quintile 1","Women","17 and under",50,30
"1159",2012,"Quintile 1","Women","18",1070,715
"1161",2012,"Quintile 1","Women","19",375,235
"1163",2012,"Quintile 1","Women","20",345,225
"1165",2012,"Quintile 1","Women","21-24",780,470
"1167",2012,"Quintile 1","Women","25-29",555,310
"1169",2012,"Quintile 1","Women","30-34",295,170
"1171",2012,"Quintile 1","Women","35 and over",420,240
"1173",2012,"Quintile 2","Men","17 and under",35,20
"1175",2012,"Quintile 2","Men","18",995,685
"1177",2012,"Quintile 2","Men","19",305,215
"1179",2012,"Quintile 2","Men","20",275,190
"1181",2012,"Quintile 2","Men","21-24",565,365
"1183",2012,"Quintile 2","Men","25-29",255,160
"1185",2012,"Quintile 2","Men","30-34",150,100
"1187",2012,"Quintile 2","Men","35 and over",180,115
"1189",2012,"Quintile 2","Women","17 and under",85,45
"1191",2012,"Quintile 2","Women","18",1520,1050
"1193",2012,"Quintile 2","Women","19",555,360
"1195",2012,"Quintile 2","Women","20",415,270
"1197",2012,"Quintile 2","Women","21-24",820,480
"1199",2012,"Quintile 2","Women","25-29",445,230
"1201",2012,"Quintile 2","Women","30-34",255,140
"1203",2012,"Quintile 2","Women","35 and over",335,195
"1205",2012,"Quintile 3","Men","17 and under",100,55
"1207",2012,"Quintile 3","Men","18",1550,1125
"1209",2012,"Quintile 3","Men","19",475,355
"1211",2012,"Quintile 3","Men","20",345,240
"1213",2012,"Quintile 3","Men","21-24",580,355
"1215",2012,"Quintile 3","Men","25-29",280,185
"1217",2012,"Quintile 3","Men","30-34",130,90
"1219",2012,"Quintile 3","Men","35 and over",175,110
"1221",2012,"Quintile 3","Women","17 and under",110,65
"1223",2012,"Quintile 3","Women","18",2160,1540
"1225",2012,"Quintile 3","Women","19",695,480
"1227",2012,"Quintile 3","Women","20",435,285
"1229",2012,"Quintile 3","Women","21-24",845,500
"1231",2012,"Quintile 3","Women","25-29",390,225
"1233",2012,"Quintile 3","Women","30-34",230,135
"1235",2012,"Quintile 3","Women","35 and over",370,240
"1237",2012,"Quintile 4","Men","17 and under",125,80
"1239",2012,"Quintile 4","Men","18",2025,1545
"1241",2012,"Quintile 4","Men","19",675,505
"1243",2012,"Quintile 4","Men","20",340,240
"1245",2012,"Quintile 4","Men","21-24",595,390
"1247",2012,"Quintile 4","Men","25-29",245,155
"1249",2012,"Quintile 4","Men","30-34",100,65
"1251",2012,"Quintile 4","Men","35 and over",150,105
"1253",2012,"Quintile 4","Women","17 and under",150,95
"1255",2012,"Quintile 4","Women","18",2845,2135
"1257",2012,"Quintile 4","Women","19",855,610
"1259",2012,"Quintile 4","Women","20",465,325
"1261",2012,"Quintile 4","Women","21-24",690,435
"1263",2012,"Quintile 4","Women","25-29",350,200
"1265",2012,"Quintile 4","Women","30-34",170,105
"1267",2012,"Quintile 4","Women","35 and over",325,195
"1269",2012,"Quintile 5","Men","17 and under",110,65
"1271",2012,"Quintile 5","Men","18",3020,2375
"1273",2012,"Quintile 5","Men","19",875,680
"1275",2012,"Quintile 5","Men","20",440,300
"1277",2012,"Quintile 5","Men","21-24",785,470
"1279",2012,"Quintile 5","Men","25-29",240,150
"1281",2012,"Quintile 5","Men","30-34",100,50
"1283",2012,"Quintile 5","Men","35 and over",110,80
"1285",2012,"Quintile 5","Women","17 and under",160,100
"1287",2012,"Quintile 5","Women","18",3570,2795
"1289",2012,"Quintile 5","Women","19",985,705
"1291",2012,"Quintile 5","Women","20",490,325
"1293",2012,"Quintile 5","Women","21-24",750,445
"1295",2012,"Quintile 5","Women","25-29",300,175
"1297",2012,"Quintile 5","Women","30-34",135,80
"1299",2012,"Quintile 5","Women","35 and over",265,145
"1301",2012,"Unknown","Men","18",25,20
"1303",2012,"Unknown","Men","19",20,15
"1305",2012,"Unknown","Men","20",10,5
"1307",2012,"Unknown","Men","21-24",30,25
"1309",2012,"Unknown","Men","25-29",15,15
"1311",2012,"Unknown","Men","30-34",5,5
"1313",2012,"Unknown","Men","35 and over",5,5
"1315",2012,"Unknown","Women","17 and under",10,5
"1317",2012,"Unknown","Women","18",30,25
"1319",2012,"Unknown","Women","19",15,10
"1321",2012,"Unknown","Women","20",15,5
"1323",2012,"Unknown","Women","21-24",40,20
"1325",2012,"Unknown","Women","25-29",30,15
"1327",2012,"Unknown","Women","30-34",10,5
"1329",2012,"Unknown","Women","35 and over",15,10
"1331",2013,"Quintile 1","Men","17 and under",40,15
"1333",2013,"Quintile 1","Men","18",670,485
"1335",2013,"Quintile 1","Men","19",225,155
"1337",2013,"Quintile 1","Men","20",270,185
"1339",2013,"Quintile 1","Men","21-24",575,375
"1341",2013,"Quintile 1","Men","25-29",340,210
"1343",2013,"Quintile 1","Men","30-34",200,135
"1345",2013,"Quintile 1","Men","35 and over",240,150
"1347",2013,"Quintile 1","Women","17 and under",40,25
"1349",2013,"Quintile 1","Women","18",1120,760
"1351",2013,"Quintile 1","Women","19",380,240
"1353",2013,"Quintile 1","Women","20",425,280
"1355",2013,"Quintile 1","Women","21-24",820,490
"1357",2013,"Quintile 1","Women","25-29",550,325
"1359",2013,"Quintile 1","Women","30-34",335,200
"1361",2013,"Quintile 1","Women","35 and over",405,220
"1363",2013,"Quintile 2","Men","17 and under",35,20
"1365",2013,"Quintile 2","Men","18",1005,730
"1367",2013,"Quintile 2","Men","19",335,220
"1369",2013,"Quintile 2","Men","20",330,230
"1371",2013,"Quintile 2","Men","21-24",625,415
"1373",2013,"Quintile 2","Men","25-29",295,180
"1375",2013,"Quintile 2","Men","30-34",160,100
"1377",2013,"Quintile 2","Men","35 and over",175,115
"1379",2013,"Quintile 2","Women","17 and under",60,40
"1381",2013,"Quintile 2","Women","18",1585,1135
"1383",2013,"Quintile 2","Women","19",470,305
"1385",2013,"Quintile 2","Women","20",410,260
"1387",2013,"Quintile 2","Women","21-24",825,505
"1389",2013,"Quintile 2","Women","25-29",445,240
"1391",2013,"Quintile 2","Women","30-34",240,135
"1393",2013,"Quintile 2","Women","35 and over",370,220
"1395",2013,"Quintile 3","Men","17 and under",95,65
"1397",2013,"Quintile 3","Men","18",1555,1140
"1399",2013,"Quintile 3","Men","19",475,330
"1401",2013,"Quintile 3","Men","20",345,230
"1403",2013,"Quintile 3","Men","21-24",640,410
"1405",2013,"Quintile 3","Men","25-29",285,170
"1407",2013,"Quintile 3","Men","30-34",150,95
"1409",2013,"Quintile 3","Men","35 and over",165,95
"1411",2013,"Quintile 3","Women","17 and under",110,65
"1413",2013,"Quintile 3","Women","18",2160,1530
"1415",2013,"Quintile 3","Women","19",695,485
"1417",2013,"Quintile 3","Women","20",455,310
"1419",2013,"Quintile 3","Women","21-24",850,500
"1421",2013,"Quintile 3","Women","25-29",395,245
"1423",2013,"Quintile 3","Women","30-34",235,135
"1425",2013,"Quintile 3","Women","35 and over",380,245
"1427",2013,"Quintile 4","Men","17 and under",80,50
"1429",2013,"Quintile 4","Men","18",2095,1570
"1431",2013,"Quintile 4","Men","19",610,460
"1433",2013,"Quintile 4","Men","20",405,285
"1435",2013,"Quintile 4","Men","21-24",670,430
"1437",2013,"Quintile 4","Men","25-29",265,170
"1439",2013,"Quintile 4","Men","30-34",85,55
"1441",2013,"Quintile 4","Men","35 and over",155,105
"1443",2013,"Quintile 4","Women","17 and under",110,75
"1445",2013,"Quintile 4","Women","18",2740,2040
"1447",2013,"Quintile 4","Women","19",855,625
"1449",2013,"Quintile 4","Women","20",505,340
"1451",2013,"Quintile 4","Women","21-24",840,545
"1453",2013,"Quintile 4","Women","25-29",385,215
"1455",2013,"Quintile 4","Women","30-34",200,125
"1457",2013,"Quintile 4","Women","35 and over",325,210
"1459",2013,"Quintile 5","Men","17 and under",90,45
"1461",2013,"Quintile 5","Men","18",2955,2280
"1463",2013,"Quintile 5","Men","19",845,625
"1465",2013,"Quintile 5","Men","20",505,345
"1467",2013,"Quintile 5","Men","21-24",775,510
"1469",2013,"Quintile 5","Men","25-29",260,165
"1471",2013,"Quintile 5","Men","30-34",110,55
"1473",2013,"Quintile 5","Men","35 and over",95,60
"1475",2013,"Quintile 5","Women","17 and under",145,90
"1477",2013,"Quintile 5","Women","18",3490,2810
"1479",2013,"Quintile 5","Women","19",950,690
"1481",2013,"Quintile 5","Women","20",510,360
"1483",2013,"Quintile 5","Women","21-24",800,505
"1485",2013,"Quintile 5","Women","25-29",285,155
"1487",2013,"Quintile 5","Women","30-34",135,65
"1489",2013,"Quintile 5","Women","35 and over",240,150
"1491",2013,"Unknown","Men","18",25,10
"1493",2013,"Unknown","Men","19",20,15
"1495",2013,"Unknown","Men","20",5,5
"1497",2013,"Unknown","Men","21-24",20,10
"1499",2013,"Unknown","Men","25-29",15,10
"1501",2013,"Unknown","Men","30-34",5,5
"1503",2013,"Unknown","Men","35 and over",10,5
"1505",2013,"Unknown","Women","17 and under",5,0
"1507",2013,"Unknown","Women","18",20,15
"1509",2013,"Unknown","Women","19",20,15
"1511",2013,"Unknown","Women","20",10,5
"1513",2013,"Unknown","Women","21-24",35,25
"1515",2013,"Unknown","Women","25-29",15,10
"1517",2013,"Unknown","Women","35 and over",5,5
"1519",2014,"Quintile 1","Men","17 and under",20,5
"1521",2014,"Quintile 1","Men","18",735,500
"1523",2014,"Quintile 1","Men","19",215,155
"1525",2014,"Quintile 1","Men","20",265,185
"1527",2014,"Quintile 1","Men","21-24",530,350
"1529",2014,"Quintile 1","Men","25-29",305,195
"1531",2014,"Quintile 1","Men","30-34",180,100
"1533",2014,"Quintile 1","Men","35 and over",245,130
"1535",2014,"Quintile 1","Women","17 and under",40,20
"1537",2014,"Quintile 1","Women","18",1275,825
"1539",2014,"Quintile 1","Women","19",395,265
"1541",2014,"Quintile 1","Women","20",365,245
"1543",2014,"Quintile 1","Women","21-24",865,540
"1545",2014,"Quintile 1","Women","25-29",600,335
"1547",2014,"Quintile 1","Women","30-34",345,190
"1549",2014,"Quintile 1","Women","35 and over",465,240
"1551",2014,"Quintile 2","Men","17 and under",35,15
"1553",2014,"Quintile 2","Men","18",1010,730
"1555",2014,"Quintile 2","Men","19",275,190
"1557",2014,"Quintile 2","Men","20",260,180
"1559",2014,"Quintile 2","Men","21-24",545,355
"1561",2014,"Quintile 2","Men","25-29",335,205
"1563",2014,"Quintile 2","Men","30-34",155,100
"1565",2014,"Quintile 2","Men","35 and over",175,105
"1567",2014,"Quintile 2","Women","17 and under",65,30
"1569",2014,"Quintile 2","Women","18",1615,1135
"1571",2014,"Quintile 2","Women","19",445,290
"1573",2014,"Quintile 2","Women","20",420,285
"1575",2014,"Quintile 2","Women","21-24",825,480
"1577",2014,"Quintile 2","Women","25-29",480,280
"1579",2014,"Quintile 2","Women","30-34",295,165
"1581",2014,"Quintile 2","Women","35 and over",345,190
"1583",2014,"Quintile 3","Men","17 and under",65,30
"1585",2014,"Quintile 3","Men","18",1465,1060
"1587",2014,"Quintile 3","Men","19",425,285
"1589",2014,"Quintile 3","Men","20",345,245
"1591",2014,"Quintile 3","Men","21-24",600,375
"1593",2014,"Quintile 3","Men","25-29",270,155
"1595",2014,"Quintile 3","Men","30-34",135,70
"1597",2014,"Quintile 3","Men","35 and over",150,75
"1599",2014,"Quintile 3","Women","17 and under",95,55
"1601",2014,"Quintile 3","Women","18",2205,1560
"1603",2014,"Quintile 3","Women","19",650,460
"1605",2014,"Quintile 3","Women","20",465,300
"1607",2014,"Quintile 3","Women","21-24",880,530
"1609",2014,"Quintile 3","Women","25-29",400,235
"1611",2014,"Quintile 3","Women","30-34",235,120
"1613",2014,"Quintile 3","Women","35 and over",335,190
"1615",2014,"Quintile 4","Men","17 and under",75,40
"1617",2014,"Quintile 4","Men","18",1970,1470
"1619",2014,"Quintile 4","Men","19",610,420
"1621",2014,"Quintile 4","Men","20",390,280
"1623",2014,"Quintile 4","Men","21-24",600,380
"1625",2014,"Quintile 4","Men","25-29",230,140
"1627",2014,"Quintile 4","Men","30-34",90,65
"1629",2014,"Quintile 4","Men","35 and over",120,75
"1631",2014,"Quintile 4","Women","17 and under",115,60
"1633",2014,"Quintile 4","Women","18",2820,2075
"1635",2014,"Quintile 4","Women","19",845,605
"1637",2014,"Quintile 4","Women","20",485,320
"1639",2014,"Quintile 4","Women","21-24",755,470
"1641",2014,"Quintile 4","Women","25-29",345,190
"1643",2014,"Quintile 4","Women","30-34",165,80
"1645",2014,"Quintile 4","Women","35 and over",270,165
"1647",2014,"Quintile 5","Men","17 and under",80,45
"1649",2014,"Quintile 5","Men","18",2885,2225
"1651",2014,"Quintile 5","Men","19",840,635
"1653",2014,"Quintile 5","Men","20",450,310
"1655",2014,"Quintile 5","Men","21-24",750,495
"1657",2014,"Quintile 5","Men","25-29",255,145
"1659",2014,"Quintile 5","Men","30-34",100,60
"1661",2014,"Quintile 5","Men","35 and over",105,60
"1663",2014,"Quintile 5","Women","17 and under",120,70
"1665",2014,"Quintile 5","Women","18",3420,2680
"1667",2014,"Quintile 5","Women","19",910,675
"1669",2014,"Quintile 5","Women","20",490,340
"1671",2014,"Quintile 5","Women","21-24",860,525
"1673",2014,"Quintile 5","Women","25-29",310,155
"1675",2014,"Quintile 5","Women","30-34",105,55
"1677",2014,"Quintile 5","Women","35 and over",240,140
"1679",2014,"Unknown","Men","18",10,5
"1681",2014,"Unknown","Men","19",10,5
"1683",2014,"Unknown","Men","20",5,5
"1685",2014,"Unknown","Men","21-24",15,5
"1687",2014,"Unknown","Men","25-29",10,10
"1689",2014,"Unknown","Men","30-34",5,5
"1691",2014,"Unknown","Women","18",10,5
"1693",2014,"Unknown","Women","19",15,10
"1695",2014,"Unknown","Women","20",5,0
"1697",2014,"Unknown","Women","21-24",25,20
"1699",2014,"Unknown","Women","25-29",15,10
"1701",2014,"Unknown","Women","30-34",10,10
"1703",2014,"Unknown","Women","35 and over",10,5
"1705",2015,"Quintile 1","Men","17 and under",30,15
"1707",2015,"Quintile 1","Men","18",750,480
"1709",2015,"Quintile 1","Men","19",195,145
"1711",2015,"Quintile 1","Men","20",265,185
"1713",2015,"Quintile 1","Men","21-24",630,390
"1715",2015,"Quintile 1","Men","25-29",380,235
"1717",2015,"Quintile 1","Men","30-34",225,130
"1719",2015,"Quintile 1","Men","35 and over",305,175
"1721",2015,"Quintile 1","Women","17 and under",55,35
"1723",2015,"Quintile 1","Women","18",1215,755
"1725",2015,"Quintile 1","Women","19",405,255
"1727",2015,"Quintile 1","Women","20",405,270
"1729",2015,"Quintile 1","Women","21-24",1055,650
"1731",2015,"Quintile 1","Women","25-29",775,425
"1733",2015,"Quintile 1","Women","30-34",465,270
"1735",2015,"Quintile 1","Women","35 and over",525,285
"1737",2015,"Quintile 2","Men","17 and under",35,25
"1739",2015,"Quintile 2","Men","18",1030,740
"1741",2015,"Quintile 2","Men","19",270,190
"1743",2015,"Quintile 2","Men","20",290,215
"1745",2015,"Quintile 2","Men","21-24",700,485
"1747",2015,"Quintile 2","Men","25-29",395,245
"1749",2015,"Quintile 2","Men","30-34",180,100
"1751",2015,"Quintile 2","Men","35 and over",255,150
"1753",2015,"Quintile 2","Women","17 and under",90,50
"1755",2015,"Quintile 2","Women","18",1735,1235
"1757",2015,"Quintile 2","Women","19",515,360
"1759",2015,"Quintile 2","Women","20",395,295
"1761",2015,"Quintile 2","Women","21-24",1090,665
"1763",2015,"Quintile 2","Women","25-29",735,405
"1765",2015,"Quintile 2","Women","30-34",355,200
"1767",2015,"Quintile 2","Women","35 and over",520,290
"1769",2015,"Quintile 3","Men","17 and under",80,55
"1771",2015,"Quintile 3","Men","18",1580,1120
"1773",2015,"Quintile 3","Men","19",485,355
"1775",2015,"Quintile 3","Men","20",345,235
"1777",2015,"Quintile 3","Men","21-24",665,430
"1779",2015,"Quintile 3","Men","25-29",360,205
"1781",2015,"Quintile 3","Men","30-34",165,90
"1783",2015,"Quintile 3","Men","35 and over",245,165
"1785",2015,"Quintile 3","Women","17 and under",135,85
"1787",2015,"Quintile 3","Women","18",2310,1660
"1789",2015,"Quintile 3","Women","19",715,510
"1791",2015,"Quintile 3","Women","20",495,345
"1793",2015,"Quintile 3","Women","21-24",1115,680
"1795",2015,"Quintile 3","Women","25-29",610,370
"1797",2015,"Quintile 3","Women","30-34",325,175
"1799",2015,"Quintile 3","Women","35 and over",520,310
"1801",2015,"Quintile 4","Men","17 and under",90,60
"1803",2015,"Quintile 4","Men","18",2095,1575
"1805",2015,"Quintile 4","Men","19",720,520
"1807",2015,"Quintile 4","Men","20",450,325
"1809",2015,"Quintile 4","Men","21-24",715,460
"1811",2015,"Quintile 4","Men","25-29",345,195
"1813",2015,"Quintile 4","Men","30-34",120,70
"1815",2015,"Quintile 4","Men","35 and over",195,125
"1817",2015,"Quintile 4","Women","17 and under",130,75
"1819",2015,"Quintile 4","Women","18",2830,2130
"1821",2015,"Quintile 4","Women","19",895,665
"1823",2015,"Quintile 4","Women","20",500,365
"1825",2015,"Quintile 4","Women","21-24",1060,675
"1827",2015,"Quintile 4","Women","25-29",520,305
"1829",2015,"Quintile 4","Women","30-34",295,175
"1831",2015,"Quintile 4","Women","35 and over",490,280
"1833",2015,"Quintile 5","Men","17 and under",105,60
"1835",2015,"Quintile 5","Men","18",2875,2245
"1837",2015,"Quintile 5","Men","19",885,645
"1839",2015,"Quintile 5","Men","20",465,335
"1841",2015,"Quintile 5","Men","21-24",835,545
"1843",2015,"Quintile 5","Men","25-29",350,200
"1845",2015,"Quintile 5","Men","30-34",140,85
"1847",2015,"Quintile 5","Men","35 and over",145,90
"1849",2015,"Quintile 5","Women","17 and under",135,85
"1851",2015,"Quintile 5","Women","18",3540,2760
"1853",2015,"Quintile 5","Women","19",970,730
"1855",2015,"Quintile 5","Women","20",520,370
"1857",2015,"Quintile 5","Women","21-24",1100,665
"1859",2015,"Quintile 5","Women","25-29",555,320
"1861",2015,"Quintile 5","Women","30-34",215,125
"1863",2015,"Quintile 5","Women","35 and over",415,240
"1865",2015,"Unknown","Men","18",15,10
"1867",2015,"Unknown","Men","19",15,10
"1869",2015,"Unknown","Men","20",5,5
"1871",2015,"Unknown","Men","21-24",15,15
"1873",2015,"Unknown","Men","25-29",15,10
"1875",2015,"Unknown","Men","30-34",5,5
"1877",2015,"Unknown","Men","35 and over",10,5
"1879",2015,"Unknown","Women","18",25,20
"1881",2015,"Unknown","Women","19",15,10
"1883",2015,"Unknown","Women","20",10,5
"1885",2015,"Unknown","Women","21-24",20,10
"1887",2015,"Unknown","Women","25-29",10,10
"1889",2015,"Unknown","Women","30-34",5,0
"1891",2015,"Unknown","Women","35 and over",5,5
"1893",2016,"Quintile 1","Men","17 and under",35,20
"1895",2016,"Quintile 1","Men","18",735,495
"1897",2016,"Quintile 1","Men","19",215,145
"1899",2016,"Quintile 1","Men","20",265,180
"1901",2016,"Quintile 1","Men","21-24",670,440
"1903",2016,"Quintile 1","Men","25-29",395,250
"1905",2016,"Quintile 1","Men","30-34",230,140
"1907",2016,"Quintile 1","Men","35 and over",305,170
"1909",2016,"Quintile 1","Women","17 and under",55,30
"1911",2016,"Quintile 1","Women","18",1320,845
"1913",2016,"Quintile 1","Women","19",415,275
"1915",2016,"Quintile 1","Women","20",415,270
"1917",2016,"Quintile 1","Women","21-24",1055,630
"1919",2016,"Quintile 1","Women","25-29",765,435
"1921",2016,"Quintile 1","Women","30-34",475,245
"1923",2016,"Quintile 1","Women","35 and over",565,305
"1925",2016,"Quintile 2","Men","17 and under",40,25
"1927",2016,"Quintile 2","Men","18",965,710
"1929",2016,"Quintile 2","Men","19",300,210
"1931",2016,"Quintile 2","Men","20",285,205
"1933",2016,"Quintile 2","Men","21-24",740,495
"1935",2016,"Quintile 2","Men","25-29",435,285
"1937",2016,"Quintile 2","Men","30-34",185,110
"1939",2016,"Quintile 2","Men","35 and over",235,135
"1941",2016,"Quintile 2","Women","17 and under",60,40
"1943",2016,"Quintile 2","Women","18",1775,1275
"1945",2016,"Quintile 2","Women","19",555,355
"1947",2016,"Quintile 2","Women","20",445,315
"1949",2016,"Quintile 2","Women","21-24",1045,655
"1951",2016,"Quintile 2","Women","25-29",720,405
"1953",2016,"Quintile 2","Women","30-34",380,205
"1955",2016,"Quintile 2","Women","35 and over",505,295
"1957",2016,"Quintile 3","Men","17 and under",90,60
"1959",2016,"Quintile 3","Men","18",1435,1090
"1961",2016,"Quintile 3","Men","19",520,385
"1963",2016,"Quintile 3","Men","20",370,250
"1965",2016,"Quintile 3","Men","21-24",720,490
"1967",2016,"Quintile 3","Men","25-29",375,220
"1969",2016,"Quintile 3","Men","30-34",195,115
"1971",2016,"Quintile 3","Men","35 and over",250,150
"1973",2016,"Quintile 3","Women","17 and under",115,70
"1975",2016,"Quintile 3","Women","18",2260,1655
"1977",2016,"Quintile 3","Women","19",745,530
"1979",2016,"Quintile 3","Women","20",500,370
"1981",2016,"Quintile 3","Women","21-24",1095,685
"1983",2016,"Quintile 3","Women","25-29",695,415
"1985",2016,"Quintile 3","Women","30-34",375,225
"1987",2016,"Quintile 3","Women","35 and over",555,320
"1989",2016,"Quintile 4","Men","17 and under",105,75
"1991",2016,"Quintile 4","Men","18",2065,1595
"1993",2016,"Quintile 4","Men","19",700,525
"1995",2016,"Quintile 4","Men","20",440,325
"1997",2016,"Quintile 4","Men","21-24",715,475
"1999",2016,"Quintile 4","Men","25-29",350,205
"2001",2016,"Quintile 4","Men","30-34",155,90
"2003",2016,"Quintile 4","Men","35 and over",230,130
"2005",2016,"Quintile 4","Women","17 and under",165,90
"2007",2016,"Quintile 4","Women","18",2855,2155
"2009",2016,"Quintile 4","Women","19",915,670
"2011",2016,"Quintile 4","Women","20",520,360
"2013",2016,"Quintile 4","Women","21-24",1090,685
"2015",2016,"Quintile 4","Women","25-29",585,320
"2017",2016,"Quintile 4","Women","30-34",295,145
"2019",2016,"Quintile 4","Women","35 and over",580,325
"2021",2016,"Quintile 5","Men","17 and under",110,70
"2023",2016,"Quintile 5","Men","18",2830,2280
"2025",2016,"Quintile 5","Men","19",895,690
"2027",2016,"Quintile 5","Men","20",475,350
"2029",2016,"Quintile 5","Men","21-24",925,625
"2031",2016,"Quintile 5","Men","25-29",375,205
"2033",2016,"Quintile 5","Men","30-34",130,75
"2035",2016,"Quintile 5","Men","35 and over",210,120
"2037",2016,"Quintile 5","Women","17 and under",150,90
"2039",2016,"Quintile 5","Women","18",3450,2760
"2041",2016,"Quintile 5","Women","19",1045,770
"2043",2016,"Quintile 5","Women","20",510,365
"2045",2016,"Quintile 5","Women","21-24",1115,695
"2047",2016,"Quintile 5","Women","25-29",580,320
"2049",2016,"Quintile 5","Women","30-34",205,105
"2051",2016,"Quintile 5","Women","35 and over",480,255
"2053",2016,"Unknown","Men","18",10,5
"2055",2016,"Unknown","Men","19",15,10
"2057",2016,"Unknown","Men","20",5,5
"2059",2016,"Unknown","Men","21-24",15,10
"2061",2016,"Unknown","Men","25-29",10,5
"2063",2016,"Unknown","Men","30-34",10,5
"2065",2016,"Unknown","Men","35 and over",5,5
"2067",2016,"Unknown","Women","18",20,15
"2069",2016,"Unknown","Women","19",15,10
"2071",2016,"Unknown","Women","20",10,5
"2073",2016,"Unknown","Women","21-24",35,20
"2075",2016,"Unknown","Women","25-29",15,10
"2077",2016,"Unknown","Women","30-34",5,0
"2079",2016,"Unknown","Women","35 and over",5,0
"2081",2017,"Quintile 1","Men","17 and under",35,25
"2083",2017,"Quintile 1","Men","18",730,535
"2085",2017,"Quintile 1","Men","19",240,180
"2087",2017,"Quintile 1","Men","20",285,195
"2089",2017,"Quintile 1","Men","21-24",635,435
"2091",2017,"Quintile 1","Men","25-29",410,270
"2093",2017,"Quintile 1","Men","30-34",195,135
"2095",2017,"Quintile 1","Men","35 and over",290,165
"2097",2017,"Quintile 1","Women","17 and under",65,35
"2099",2017,"Quintile 1","Women","18",1305,885
"2101",2017,"Quintile 1","Women","19",415,290
"2103",2017,"Quintile 1","Women","20",425,290
"2105",2017,"Quintile 1","Women","21-24",1085,700
"2107",2017,"Quintile 1","Women","25-29",755,465
"2109",2017,"Quintile 1","Women","30-34",505,320
"2111",2017,"Quintile 1","Women","35 and over",620,370
"2113",2017,"Quintile 2","Men","17 and under",60,45
"2115",2017,"Quintile 2","Men","18",950,745
"2117",2017,"Quintile 2","Men","19",290,220
"2119",2017,"Quintile 2","Men","20",275,205
"2121",2017,"Quintile 2","Men","21-24",645,460
"2123",2017,"Quintile 2","Men","25-29",355,230
"2125",2017,"Quintile 2","Men","30-34",155,100
"2127",2017,"Quintile 2","Men","35 and over",235,150
"2129",2017,"Quintile 2","Women","17 and under",75,50
"2131",2017,"Quintile 2","Women","18",1690,1260
"2133",2017,"Quintile 2","Women","19",525,375
"2135",2017,"Quintile 2","Women","20",440,320
"2137",2017,"Quintile 2","Women","21-24",1000,645
"2139",2017,"Quintile 2","Women","25-29",725,465
"2141",2017,"Quintile 2","Women","30-34",400,245
"2143",2017,"Quintile 2","Women","35 and over",565,345
"2145",2017,"Quintile 3","Men","17 and under",95,60
"2147",2017,"Quintile 3","Men","18",1380,1025
"2149",2017,"Quintile 3","Men","19",500,350
"2151",2017,"Quintile 3","Men","20",340,250
"2153",2017,"Quintile 3","Men","21-24",655,435
"2155",2017,"Quintile 3","Men","25-29",335,220
"2157",2017,"Quintile 3","Men","30-34",160,105
"2159",2017,"Quintile 3","Men","35 and over",220,135
"2161",2017,"Quintile 3","Women","17 and under",115,80
"2163",2017,"Quintile 3","Women","18",2180,1605
"2165",2017,"Quintile 3","Women","19",710,495
"2167",2017,"Quintile 3","Women","20",515,360
"2169",2017,"Quintile 3","Women","21-24",1035,645
"2171",2017,"Quintile 3","Women","25-29",660,420
"2173",2017,"Quintile 3","Women","30-34",370,240
"2175",2017,"Quintile 3","Women","35 and over",600,355
"2177",2017,"Quintile 4","Men","17 and under",105,75
"2179",2017,"Quintile 4","Men","18",1920,1510
"2181",2017,"Quintile 4","Men","19",675,500
"2183",2017,"Quintile 4","Men","20",425,305
"2185",2017,"Quintile 4","Men","21-24",760,525
"2187",2017,"Quintile 4","Men","25-29",365,215
"2189",2017,"Quintile 4","Men","30-34",165,100
"2191",2017,"Quintile 4","Men","35 and over",200,115
"2193",2017,"Quintile 4","Women","17 and under",145,85
"2195",2017,"Quintile 4","Women","18",2810,2160
"2197",2017,"Quintile 4","Women","19",950,715
"2199",2017,"Quintile 4","Women","20",565,390
"2201",2017,"Quintile 4","Women","21-24",1120,725
"2203",2017,"Quintile 4","Women","25-29",600,355
"2205",2017,"Quintile 4","Women","30-34",305,185
"2207",2017,"Quintile 4","Women","35 and over",600,340
"2209",2017,"Quintile 5","Men","17 and under",140,90
"2211",2017,"Quintile 5","Men","18",2770,2275
"2213",2017,"Quintile 5","Men","19",900,710
"2215",2017,"Quintile 5","Men","20",465,330
"2217",2017,"Quintile 5","Men","21-24",870,575
"2219",2017,"Quintile 5","Men","25-29",400,235
"2221",2017,"Quintile 5","Men","30-34",170,100
"2223",2017,"Quintile 5","Men","35 and over",195,115
"2225",2017,"Quintile 5","Women","17 and under",140,85
"2227",2017,"Quintile 5","Women","18",3525,2850
"2229",2017,"Quintile 5","Women","19",1050,810
"2231",2017,"Quintile 5","Women","20",560,420
"2233",2017,"Quintile 5","Women","21-24",1120,755
"2235",2017,"Quintile 5","Women","25-29",580,355
"2237",2017,"Quintile 5","Women","30-34",255,150
"2239",2017,"Quintile 5","Women","35 and over",545,310
"2241",2017,"Unknown","Men","18",10,10
"2243",2017,"Unknown","Men","19",10,5
"2245",2017,"Unknown","Men","20",10,5
"2247",2017,"Unknown","Men","21-24",10,5
"2249",2017,"Unknown","Men","25-29",10,5
"2251",2017,"Unknown","Men","30-34",5,0
"2253",2017,"Unknown","Men","35 and over",5,0
"2255",2017,"Unknown","Women","18",15,10
"2257",2017,"Unknown","Women","19",20,20
"2259",2017,"Unknown","Women","20",15,10
"2261",2017,"Unknown","Women","21-24",35,25
"2263",2017,"Unknown","Women","25-29",20,10
"2265",2017,"Unknown","Women","30-34",5,5
"2267",2017,"Unknown","Women","35 and over",5,5
"2269",2018,"Quintile 1","Men","17 and under",35,20
"2271",2018,"Quintile 1","Men","18",695,545
"2273",2018,"Quintile 1","Men","19",220,165
"2275",2018,"Quintile 1","Men","20",275,205
"2277",2018,"Quintile 1","Men","21-24",660,470
"2279",2018,"Quintile 1","Men","25-29",395,255
"2281",2018,"Quintile 1","Men","30-34",230,145
"2283",2018,"Quintile 1","Men","35 and over",285,165
"2285",2018,"Quintile 1","Women","17 and under",55,45
"2287",2018,"Quintile 1","Women","18",1245,925
"2289",2018,"Quintile 1","Women","19",445,325
"2291",2018,"Quintile 1","Women","20",415,290
"2293",2018,"Quintile 1","Women","21-24",1080,720
"2295",2018,"Quintile 1","Women","25-29",750,480
"2297",2018,"Quintile 1","Women","30-34",480,305
"2299",2018,"Quintile 1","Women","35 and over",680,400
"2301",2018,"Quintile 2","Men","17 and under",55,35
"2303",2018,"Quintile 2","Men","18",905,740
"2305",2018,"Quintile 2","Men","19",260,190
"2307",2018,"Quintile 2","Men","20",290,200
"2309",2018,"Quintile 2","Men","21-24",660,450
"2311",2018,"Quintile 2","Men","25-29",410,245
"2313",2018,"Quintile 2","Men","30-34",195,125
"2315",2018,"Quintile 2","Men","35 and over",240,150
"2317",2018,"Quintile 2","Women","17 and under",85,60
"2319",2018,"Quintile 2","Women","18",1625,1270
"2321",2018,"Quintile 2","Women","19",520,360
"2323",2018,"Quintile 2","Women","20",420,300
"2325",2018,"Quintile 2","Women","21-24",1045,680
"2327",2018,"Quintile 2","Women","25-29",710,440
"2329",2018,"Quintile 2","Women","30-34",420,250
"2331",2018,"Quintile 2","Women","35 and over",630,400
"2333",2018,"Quintile 3","Men","17 and under",90,65
"2335",2018,"Quintile 3","Men","18",1285,995
"2337",2018,"Quintile 3","Men","19",485,360
"2339",2018,"Quintile 3","Men","20",345,240
"2341",2018,"Quintile 3","Men","21-24",700,480
"2343",2018,"Quintile 3","Men","25-29",350,220
"2345",2018,"Quintile 3","Men","30-34",170,105
"2347",2018,"Quintile 3","Men","35 and over",240,140
"2349",2018,"Quintile 3","Women","17 and under",120,85
"2351",2018,"Quintile 3","Women","18",2135,1630
"2353",2018,"Quintile 3","Women","19",720,525
"2355",2018,"Quintile 3","Women","20",475,355
"2357",2018,"Quintile 3","Women","21-24",1105,700
"2359",2018,"Quintile 3","Women","25-29",630,400
"2361",2018,"Quintile 3","Women","30-34",365,220
"2363",2018,"Quintile 3","Women","35 and over",665,425
"2365",2018,"Quintile 4","Men","17 and under",110,70
"2367",2018,"Quintile 4","Men","18",1860,1510
"2369",2018,"Quintile 4","Men","19",690,560
"2371",2018,"Quintile 4","Men","20",415,310
"2373",2018,"Quintile 4","Men","21-24",735,480
"2375",2018,"Quintile 4","Men","25-29",335,220
"2377",2018,"Quintile 4","Men","30-34",160,90
"2379",2018,"Quintile 4","Men","35 and over",245,140
"2381",2018,"Quintile 4","Women","17 and under",145,105
"2383",2018,"Quintile 4","Women","18",2680,2150
"2385",2018,"Quintile 4","Women","19",930,715
"2387",2018,"Quintile 4","Women","20",540,390
"2389",2018,"Quintile 4","Women","21-24",1090,715
"2391",2018,"Quintile 4","Women","25-29",620,385
"2393",2018,"Quintile 4","Women","30-34",320,205
"2395",2018,"Quintile 4","Women","35 and over",670,385
"2397",2018,"Quintile 5","Men","17 and under",130,85
"2399",2018,"Quintile 5","Men","18",2665,2240
"2401",2018,"Quintile 5","Men","19",1005,795
"2403",2018,"Quintile 5","Men","20",475,355
"2405",2018,"Quintile 5","Men","21-24",885,600
"2407",2018,"Quintile 5","Men","25-29",375,250
"2409",2018,"Quintile 5","Men","30-34",160,90
"2411",2018,"Quintile 5","Men","35 and over",220,130
"2413",2018,"Quintile 5","Women","17 and under",155,105
"2415",2018,"Quintile 5","Women","18",3425,2790
"2417",2018,"Quintile 5","Women","19",1115,860
"2419",2018,"Quintile 5","Women","20",570,410
"2421",2018,"Quintile 5","Women","21-24",1115,705
"2423",2018,"Quintile 5","Women","25-29",500,300
"2425",2018,"Quintile 5","Women","30-34",260,150
"2427",2018,"Quintile 5","Women","35 and over",600,350
"2429",2018,"Unknown","Men","18",15,10
"2431",2018,"Unknown","Men","19",10,10
"2433",2018,"Unknown","Men","20",5,5
"2435",2018,"Unknown","Men","21-24",15,10
"2437",2018,"Unknown","Men","25-29",10,5
"2439",2018,"Unknown","Men","30-34",15,10
"2441",2018,"Unknown","Men","35 and over",5,5
"2443",2018,"Unknown","Women","18",35,30
"2445",2018,"Unknown","Women","19",20,15
"2447",2018,"Unknown","Women","20",10,5
"2449",2018,"Unknown","Women","21-24",20,15
"2451",2018,"Unknown","Women","25-29",15,10
"2453",2018,"Unknown","Women","30-34",5,5
"2455",2018,"Unknown","Women","35 and over",5,5
"2457",2019,"Quintile 1","Men","17 and under",50,35
"2459",2019,"Quintile 1","Men","18",680,515
"2461",2019,"Quintile 1","Men","19",235,180
"2463",2019,"Quintile 1","Men","20",235,180
"2465",2019,"Quintile 1","Men","21-24",675,475
"2467",2019,"Quintile 1","Men","25-29",420,275
"2469",2019,"Quintile 1","Men","30-34",225,145
"2471",2019,"Quintile 1","Men","35 and over",315,170
"2473",2019,"Quintile 1","Women","17 and under",80,55
"2475",2019,"Quintile 1","Women","18",1320,965
"2477",2019,"Quintile 1","Women","19",420,280
"2479",2019,"Quintile 1","Women","20",385,275
"2481",2019,"Quintile 1","Women","21-24",1080,705
"2483",2019,"Quintile 1","Women","25-29",770,470
"2485",2019,"Quintile 1","Women","30-34",530,340
"2487",2019,"Quintile 1","Women","35 and over",735,455
"2489",2019,"Quintile 2","Men","17 and under",45,35
"2491",2019,"Quintile 2","Men","18",835,655
"2493",2019,"Quintile 2","Men","19",280,200
"2495",2019,"Quintile 2","Men","20",265,190
"2497",2019,"Quintile 2","Men","21-24",680,475
"2499",2019,"Quintile 2","Men","25-29",355,225
"2501",2019,"Quintile 2","Men","30-34",195,130
"2503",2019,"Quintile 2","Men","35 and over",240,145
"2505",2019,"Quintile 2","Women","17 and under",75,45
"2507",2019,"Quintile 2","Women","18",1560,1140
"2509",2019,"Quintile 2","Women","19",475,335
"2511",2019,"Quintile 2","Women","20",385,260
"2513",2019,"Quintile 2","Women","21-24",1025,615
"2515",2019,"Quintile 2","Women","25-29",645,395
"2517",2019,"Quintile 2","Women","30-34",395,240
"2519",2019,"Quintile 2","Women","35 and over",620,360
"2521",2019,"Quintile 3","Men","17 and under",85,55
"2523",2019,"Quintile 3","Men","18",1140,915
"2525",2019,"Quintile 3","Men","19",420,355
"2527",2019,"Quintile 3","Men","20",315,215
"2529",2019,"Quintile 3","Men","21-24",690,455
"2531",2019,"Quintile 3","Men","25-29",320,210
"2533",2019,"Quintile 3","Men","30-34",165,105
"2535",2019,"Quintile 3","Men","35 and over",235,145
"2537",2019,"Quintile 3","Women","17 and under",125,85
"2539",2019,"Quintile 3","Women","18",2035,1565
"2541",2019,"Quintile 3","Women","19",715,545
"2543",2019,"Quintile 3","Women","20",440,310
"2545",2019,"Quintile 3","Women","21-24",1065,715
"2547",2019,"Quintile 3","Women","25-29",650,410
"2549",2019,"Quintile 3","Women","30-34",365,235
"2551",2019,"Quintile 3","Women","35 and over",620,365
"2553",2019,"Quintile 4","Men","17 and under",115,80
"2555",2019,"Quintile 4","Men","18",1690,1365
"2557",2019,"Quintile 4","Men","19",660,520
"2559",2019,"Quintile 4","Men","20",380,285
"2561",2019,"Quintile 4","Men","21-24",720,480
"2563",2019,"Quintile 4","Men","25-29",365,225
"2565",2019,"Quintile 4","Men","30-34",140,95
"2567",2019,"Quintile 4","Men","35 and over",200,115
"2569",2019,"Quintile 4","Women","17 and under",145,100
"2571",2019,"Quintile 4","Women","18",2660,2115
"2573",2019,"Quintile 4","Women","19",885,675
"2575",2019,"Quintile 4","Women","20",495,360
"2577",2019,"Quintile 4","Women","21-24",1010,645
"2579",2019,"Quintile 4","Women","25-29",550,350
"2581",2019,"Quintile 4","Women","30-34",315,180
"2583",2019,"Quintile 4","Women","35 and over",635,380
"2585",2019,"Quintile 5","Men","17 and under",115,85
"2587",2019,"Quintile 5","Men","18",2550,2130
"2589",2019,"Quintile 5","Men","19",870,715
"2591",2019,"Quintile 5","Men","20",425,315
"2593",2019,"Quintile 5","Men","21-24",830,560
"2595",2019,"Quintile 5","Men","25-29",345,215
"2597",2019,"Quintile 5","Men","30-34",140,85
"2599",2019,"Quintile 5","Men","35 and over",220,115
"2601",2019,"Quintile 5","Women","17 and under",160,95
"2603",2019,"Quintile 5","Women","18",3385,2830
"2605",2019,"Quintile 5","Women","19",1050,835
"2607",2019,"Quintile 5","Women","20",475,355
"2609",2019,"Quintile 5","Women","21-24",1060,720
"2611",2019,"Quintile 5","Women","25-29",545,345
"2613",2019,"Quintile 5","Women","30-34",235,135
"2615",2019,"Quintile 5","Women","35 and over",580,335
"2617",2019,"Unknown","Men","18",40,35
"2619",2019,"Unknown","Men","19",15,10
"2621",2019,"Unknown","Men","20",5,5
"2623",2019,"Unknown","Men","21-24",30,20
"2625",2019,"Unknown","Men","25-29",15,15
"2627",2019,"Unknown","Men","30-34",15,5
"2629",2019,"Unknown","Men","35 and over",5,5
"2631",2019,"Unknown","Women","17 and under",5,5
"2633",2019,"Unknown","Women","18",45,35
"2635",2019,"Unknown","Women","19",20,15
"2637",2019,"Unknown","Women","20",25,20
"2639",2019,"Unknown","Women","21-24",55,35
"2641",2019,"Unknown","Women","25-29",35,20
"2643",2019,"Unknown","Women","30-34",15,10
"2645",2019,"Unknown","Women","35 and over",35,20
